couponRate,yearsToMaturity,frequency,faceValue,yield,presentValue
0.10,5,1,1000.0000,0.150000,832.3922450
0.10,5,1,1000.0000,0.100000,1000.0000000
