couponRate,yearsToMaturity,frequency,faceValue,presentValue,yield
0.10,5,1,1000.0000,1000.00,0.100000000
0.10,5,1,1000.0000,1100.00,0.075266056
